{
  "PresetList": [
    {
      "AlignAVStart": true,
      "AudioCopyMask": ["copy:aac"],
      "AudioEncoderFallback": "ca_aac",
      "AudioLanguageList": [],
      "AudioList": [
        {
          "AudioBitrate": 160,
          "AudioCompressionLevel": -1,
          "AudioDitherMethod": "auto",
          "AudioEncoder": "ca_aac",
          "AudioMixdown": "stereo",
          "AudioNormalizeMixLevel": false,
          "AudioSamplerate": "auto",
          "AudioTrackDRCSlider": 0,
          "AudioTrackGainSlider": 0,
          "AudioTrackQuality": -1,
          "AudioTrackQualityEnable": false
        }
      ],
      "AudioSecondaryEncoderMode": true,
      "AudioTrackSelectionBehavior": "first",
      "ChapterMarkers": true,
      "ChildrenArray": [],
      "Default": false,
      "FileFormat": "av_mp4",
      "Folder": false,
      "FolderOpen": false,
      "InlineParameterSets": false,
      "MetadataPassthrough": true,
      "Mp4HttpOptimize": true,
      "Mp4iPodCompatible": false,
      "PictureAllowUpscaling": false,
      "PictureAutoCrop": true,
      "PictureBottomCrop": 0,
      "PictureChromaSmoothCustom": "",
      "PictureChromaSmoothPreset": "off",
      "PictureChromaSmoothTune": "none",
      "PictureColorspaceCustom": "",
      "PictureColorspacePreset": "off",
      "PictureCombDetectCustom": "",
      "PictureCombDetectPreset": "default",
      "PictureDARWidth": 960,
      "PictureDeblockCustom": "strength=strong:thresh=20:blocksize=8",
      "PictureDeblockPreset": "off",
      "PictureDeblockTune": "medium",
      "PictureDeinterlaceCustom": "",
      "PictureDeinterlaceFilter": "decomb",
      "PictureDeinterlacePreset": "default",
      "PictureDenoiseCustom": "",
      "PictureDenoiseFilter": "off",
      "PictureDenoisePreset": "light",
      "PictureDenoiseTune": "none",
      "PictureDetelecine": "off",
      "PictureDetelecineCustom": "",
      "PictureForceHeight": 0,
      "PictureForceWidth": 0,
      "PictureHeight": 1200,
      "PictureItuPAR": false,
      "PictureKeepRatio": false,
      "PictureLeftCrop": 0,
      "PictureLooseCrop": false,
      "PictureModulus": 2,
      "PicturePadBottom": 0,
      "PicturePadColor": "black",
      "PicturePadLeft": 0,
      "PicturePadMode": "none",
      "PicturePadRight": 0,
      "PicturePadTop": 0,
      "PicturePAR": "custom",
      "PicturePARHeight": 1,
      "PicturePARWidth": 1,
      "PictureRightCrop": 0,
      "PictureRotate": "angle=0:hflip=0",
      "PictureSharpenCustom": "",
      "PictureSharpenFilter": "off",
      "PictureSharpenPreset": "medium",
      "PictureSharpenTune": "none",
      "PictureTopCrop": 0,
      "PictureUseMaximumSize": true,
      "PictureWidth": 960,
      "PresetDescription": "",
      "PresetDisabled": false,
      "PresetName": "SectionVideoContentOverlay-default-tablet-960x1200-4.5",
      "SubtitleAddCC": false,
      "SubtitleAddForeignAudioSearch": true,
      "SubtitleAddForeignAudioSubtitle": false,
      "SubtitleBurnBDSub": true,
      "SubtitleBurnBehavior": "foreign",
      "SubtitleBurnDVDSub": true,
      "SubtitleLanguageList": [],
      "SubtitleTrackSelectionBehavior": "none",
      "Type": 1,
      "UsesPictureFilters": true,
      "VideoAvgBitrate": 5000,
      "VideoColorMatrixCodeOverride": 0,
      "VideoEncoder": "x264",
      "VideoFramerate": "24",
      "VideoFramerateMode": "pfr",
      "VideoGrayScale": false,
      "VideoLevel": "4.0",
      "VideoOptionExtra": "",
      "VideoPreset": "fast",
      "VideoProfile": "main",
      "VideoQSVDecode": false,
      "VideoQualitySlider": 23,
      "VideoQualityType": 2,
      "VideoScaler": "swscale",
      "VideoTune": "",
      "VideoTurboTwoPass": true,
      "VideoTwoPass": true,
      "x264Option": "",
      "x264UseAdvancedOptions": false
    }
  ],
  "VersionMajor": 47,
  "VersionMicro": 0,
  "VersionMinor": 0
}
